"island_tract","high_flow","earthquake","levee_cond","subsidence","levee_invent","prob_flood","loss_life","prop_damage","water_supply","land_use","ghg_seq","impact_econ","degrade_habit","enhance_habit","current_restore","water_storage","habit_acre","water_quality","water_recharge","carbon_stock","climate_invest","impact_ecol","water_loss","income","education","race","food_access","tribal_bound","age","drink_contam","pest_exposure","traffic_impacts","waste_sites","impaired_water","card_disease","housing_burden","agric_reliance","social_vul","risk","risk_scaled_percent"
"island_1",0.641745440661907,0.490789769450203,0.695008595241234,0.143638940923847,3,0.0943282804900852,0.717678120359778,2.3486080695875,2.85243381001055,373.015266726725,35.5265064630657,63714.0101235371,0.359079518937506,0.0042262616334483,17,174.077118746936,682.374170515686,0.307435930240899,0.753621135372669,63.2367980433628,2,89798.2274180757,0.0162932845996693,86879,4,3,6,1,92,0.26908634789288,0.0812005372717977,1,7,0.272599406540394,0.352659993455745,4,7,1.0185934093648,549724994.644336,2.31389754911138e-05
"island_2",0.577292384114116,0.598429122241214,0.660436666570604,0.099520412622951,17,0.386012007518211,0.278556030243635,11.6108401445672,1.86304331943393,24.3720602011308,197.224335302599,28963.5577076569,0.432340885512531,0.402260990464129,49,458.516479586251,234.841953031719,0.839127867016941,0.0857868487946689,416.662500239909,2,55045802.7575685,0.36721810081508,54566,2,5,4,2,28,0.263116616872139,0.492404116783291,3,9,0.34065118606668,0.273533189552836,4,4,2.12795811461565,1309604039959.81,0.0559758202413098
"island_3",0.343777616508305,0.0451895177830011,0.0874729487113655,0.105077111860737,3,0.000428369411865914,0.767150920815766,21.9173590419814,1.77927202731371,318.447480793111,279.997976124287,2667497.94579057,0.290199130307883,0.390255851205438,28,165.980427758768,241.35306593962,0.573768413392827,0.635719848796725,165.1540301973,10,76525265.3992675,0.479160268325359,41505,1,2,3,2,60,0.0621094746747985,0.338619327871129,1,1,0.183713647886179,0.359732726821676,10,2,1.00190945994235,87610441187.6365,0.003744360049538
"island_4",0.0694412470329553,0.416056161746383,0.0103755237068981,0.269354851311073,7,0.000565200241341552,3.29569677915424,38.5034841368906,1.76895032450557,494.953093235381,204.222862282768,22689833.8876153,0.113846810767427,0.193938283366151,22,11.6405601147562,516.891653649509,0.336721556028351,0.0806164336390793,344.810287817381,5,136780.823875728,0.168800349347293,64147,2,5,6,2,94,0.0677315064240247,0.0868784022750333,5,9,0.48718593257945,0.0245988714741543,7,6,1.07843571784746,1891703788.63397,8.04989420465029e-05
"island_5",0.102220240980387,0.22810060181655,0.584670517593622,0.148558912030421,14,0.0283531471759221,0.774563661776483,18.6617870000191,6.037807257846,498.552181408741,29.8150205751881,1297284.78933758,0.104444599244744,0.270925117540173,44,476.4332131017,284.613852156326,0.808774024015293,0.825136904837564,213.414609315805,6,144269524.249733,0.225666166981682,36162,4,1,7,2,76,0.161109172855504,0.102704488788731,1,8,0.424716309877113,0.0633918017847463,1,7,1.00416660950174,5328647282029.4,0.227761087625762
"island_6",0.0493146791122854,0.273467992665246,0.563995735021308,0.145302029047161,14,0.0154724201057342,3.02557431347668,38.6529935873114,0.676982343196869,111.009002663195,174.296944937669,1531850.12588194,0.316956080147065,0.356751827406697,40,206.429138313979,729.834615485743,0.64321148628369,0.354118986753747,76.4998126542196,3,35620939.761046,0.0687883928185329,85019,5,3,3,1,88,0.285421770182438,0.399680687929504,10,3,0.073797290911898,0.376988415140659,7,2,1.14874679917526,969849201717.677,0.0414537381891317
"island_7",0.710023735649884,0.868001271039248,0.30112931295298,0.0522291720611975,9,0.0872372390882249,2.25567093398422,20.8764789742418,7.86188715882599,204.521145671606,187.300097406842,14181952.3553009,0.110848861630075,0.220537300687283,3,406.183876213618,110.381957376376,0.225543527398258,0.77808102266863,25.2044029766694,1,14544.1023998554,0.0656606970587745,17319,4,4,3,2,1,0.0849062725901604,0.136322416714393,6,6,0.45246030180715,0.421739868237637,2,2,1.00015870614214,17996737321.4395,0.000768873593682229
"island_8",0.315936763770878,0.990834305761382,0.678293115226552,0.13109011282213,7,0.194843797881249,2.69873082265258,4.17261596303433,4.51931361854076,241.369121475145,177.542951633222,2180849.06873617,0.145034896675497,0.00594404991716146,7,99.8733105370775,595.369815826416,0.958250158000737,0.148564980365336,73.921064264141,1,3776.18112329539,0.15450160682667,19615,1,4,4,1,81,0.373302270541899,0.431298138923012,6,7,0.263663279125467,0.358580433647148,6,1,1.07259024614148,1721071276.45505,7.32056262089649e-05
"island_9",0.955354137346148,0.251159997424111,0.244892524322495,0.0288107821019366,20,0.0338591015626802,2.59325667284429,2.124536735937,0.592285573482513,337.480657966807,187.333976151422,206303.379267618,0.231662331148982,0.496847315924242,20,305.863749003038,321.952013298869,0.395505395717919,0.334132871590555,489.991426467896,4,58714802.8383304,0.0854306232649833,63831,4,2,4,1,56,0.201828477205709,0.0055531858233735,1,2,0.108277156949043,0.062736960942857,4,3,1,410137404571.129,0.0175300740382728
"island_10",0.726440004073083,0.838927552336827,0.703869598452002,0.00843336791731417,14,0.0506460408243973,0.924200645647943,48.9922276814468,6.1184800658375,411.550697055645,118.266623164527,13484117.9452363,0.0309256252367049,0.0612950401846319,1,382.676366833039,393.67878367193,0.334550607716665,0.888911540620029,78.1386658782139,8,53087.6891937869,0.483453268185258,45598,1,6,4,2,39,0.281223904923536,0.470899381441996,5,9,0.398106488864869,0.256872831494547,5,9,6.45326622398589,233959910749.99,0.00999975001329356
"island_11",0.321810696506873,0.631087615387514,0.047801899490878,0.159399433038197,9,0.0139272242681951,2.54442749917507,33.7905578548089,0.791332134976983,381.78598775994,143.33664982114,3723243.83485437,0.462204536190256,0.380536306533031,49,431.761220563203,816.784056136385,0.542239411501214,0.0704861483536661,488.607694278471,9,510828286.003379,0.0864620732609183,68176,4,3,6,1,9,0.298871702398174,0.0759393715998158,5,1,0.235134408459999,0.421913793426938,9,8,1.01491091445688,26883691831900,1.14908461376342
"island_12",0.751817819429561,0.351268790895119,0.814168926328421,0.288005390530452,17,1.05272816350949,0.219949488528073,13.75745536061,6.32803082838655,171.351345605217,106.30322790239,348789.679827202,0.430312443873845,0.18814925767947,22,333.578973193653,304.407166317105,0.258715079398826,0.755345261422917,249.525262974203,9,79375581.1946177,0.0821696780622005,37229,2,4,4,1,21,0.0768136103870347,0.429744805092923,5,10,0.427531289518811,0.245217476622202,5,5,1.04284317076362,30393855033087.7,1.29911890992805
"island_13",0.382467305986211,0.918117735767737,0.576694034971297,0.212979777250439,14,0.603815917121728,2.74636664055288,28.1125583103858,5.42630434036255,12.1918754884973,254.777523712255,1301351.63889756,0.270146876224317,0.0529076115926728,31,240.859222365543,880.45347458683,0.930782687151805,0.719423185568303,305.332165095024,7,134478487.591832,0.0337372659705579,65778,4,2,2,1,55,0.0596181050641462,0.0510805447120219,7,2,0.330402250634506,0.28571042092517,2,8,1.00059736768955,105733204023724,4.51933562107309
"island_14",0.308977442793548,0.308871475746855,0.0837578061036766,0.0922175017185509,20,0.0147425706917502,1.05536756571382,24.3419817066751,0.541099341586232,201.20957645122,97.8894560365006,273792.307662537,0.387960132211447,0.432248817756772,41,99.2370237363502,436.563216848299,0.988029228756204,0.821028759935871,105.956525658257,3,76807347.6047892,0.0494252031203359,76814,4,4,5,1,89,0.0882916885893792,0.268116752617061,7,9,0.29192922776565,0.461546988575719,6,5,1.78522043179146,553463617924.522,0.0236562414868805
"island_15",0.47135972767137,0.0167004240211099,0.720036796759814,0.00240627327002585,19,0.000259139258107373,2.75970682688057,43.837726325728,4.23727963492274,408.176620141603,199.906173418276,41828513.0287587,0.157973920577206,0.0667943470180035,45,175.085570081137,151.046877261251,0.738877464085817,0.195020117098466,192.598313442431,8,2788008.05937178,0.0947163625387475,61550,5,3,4,2,57,0.254018205334432,0.387096194783226,3,1,0.0627849954180419,0.202855241252109,5,8,1.02886790541905,31092760527.2995,0.00132863463943131
"island_16",0.518407795811072,0.920273536350578,0.0986542345490307,0.252731547807343,20,0.237899561423154,0.845400610938668,3.88028835877776,7.18946373835206,480.063794529997,174.008303205483,1970116.83197303,0.290317459614016,0.202906140941195,40,231.20633000508,516.311365179718,0.246302386280149,0.295975198037922,277.101081097499,9,51138079.1940485,0.227754442486912,43520,3,4,6,1,81,0.0294184320373461,0.18585465149954,2,10,0.180341446772218,0.400492344633676,2,3,1.01319114461412,24284066843611.5,1.03796929431678
"island_17",0.544655813602731,0.969016584800556,0.00200433214195073,0.0110858696512878,2,2.34543179474593e-05,2.84678066708148,3.4425059100613,4.83018699288368,201.155556133017,174.972566356882,1666075.35759954,0.183972517494112,0.230406715068966,5,256.771512329578,920.138148823753,0.0999304759316146,0.199209811864421,21.0683727636933,10,210018.541716902,0.0427551667671651,98214,3,6,2,2,3,0.407196016865782,0.39186159754172,3,6,0.140004988992587,0.204051050939597,8,7,1.02007415110987,8371568.40522714,0
"island_18",0.137929446995258,0.146102183964103,0.21943310671486,0.201358490553685,7,0.00623280933366808,1.18901762738824,11.5257778903469,7.52753121592104,386.423761956394,168.055703910068,6699280.86700359,0.20664627244696,0.155550762661733,26,53.6336892982945,457.114556338638,0.119551646290347,0.857060104841366,127.758125890978,10,2682200.03909307,0.153097971575335,25461,1,2,3,2,12,0.0451970681315288,0.0299760517664254,6,5,0.105366764590144,0.211461406899616,1,6,1.00000609282104,111996857802.516,0.00478670442017943
"island_19",0.153397246496752,0.488103234674782,0.755391586106271,0.129479452804662,7,0.0512625597269665,1.04386264365166,48.8712260616012,4.89598420448601,466.875869315118,238.781815208495,27844490.5073869,0.346298243151978,0.168560511781834,45,459.896449698135,846.083736279979,0.667414737865329,0.623080163961276,280.014457646757,2,238035765.681673,0.225756752886809,94640,5,3,3,1,71,0.100016379961744,0.496348622371443,6,7,0.480601454502903,0.399648938328028,4,7,4.68844052052534,1592979514579959,68.0884464112026
"island_20",0.731202798197046,0.148188132559881,0.701782725052908,0.0997411883203313,7,0.0530916865281867,1.45202104747295,22.2652602009475,7.07136805728078,80.7796348817647,27.7990491595119,513376.466280143,0.49634567881003,0.301260746549815,16,415.396299096756,578.116044169292,0.0237488851416856,0.777434672461823,457.204205333255,2,9700000.7060925,0.0496707500424236,30888,5,6,7,2,87,0.414428126532584,0.437566678971052,4,8,0.247525401529856,0.155274542979896,1,2,1.12048970625435,296238919333.893,0.0126617308623762
"island_21",0.36484068329446,0.51566274673678,0.29016084689647,0.258227110281587,10,0.140964470200557,0.782270484603941,24.0241160034202,7.35802878625691,305.08727254346,248.493594559841,10483471.816309,0.0912033756030723,0.407792926998809,46,324.854610604234,778.557556681335,0.84178990428336,0.512233157409355,416.183565626852,6,465903282.061686,0.0931429475313053,51211,1,1,8,2,17,0.487070536357351,0.436008577351458,9,6,0.446692253812216,0.200728973257355,10,8,1.51427146810149,1042591799619086,44.5633198860688
"island_22",0.260563924210146,0.0541458888910711,0.118257020134479,0.0284175861859694,9,0.000426713517404175,0.693213721737266,9.97888032579795,1.29948216676712,19.9049136135727,212.519790488295,38025.8530105312,0.299870024318807,0.125393187976442,6,467.891701380722,868.998939171433,0.803789488505572,0.500432792119682,16.5677136974409,8,4890615.14777178,0.104309718008153,16843,4,2,3,1,30,0.0503402751637623,0.415941180661321,1,9,0.0752272807294503,0.174269602284767,3,3,1.00012692561505,79365905.2132882,3.03449860994143e-06
"island_23",0.00427442090585828,0.823213431751356,0.357314787106588,0.0348756271647289,1,4.3849308480842e-05,3.99747478310019,35.575066274032,1.78143900074065,292.15125576593,150.205164193176,11117190.0080777,0.271543490234762,0.0843890634132549,4,125.48319902271,929.09151269123,0.119052653899416,0.814627947984263,122.676812112331,6,762854.561958875,0.240955240209587,24584,4,5,2,2,93,0.167392376693897,0.0305562070570886,10,3,0.193099313299172,0.127717644674703,2,10,1.01606481588889,377851314.880045,1.57926086430043e-05
"island_24",0.850928210420534,0.902572804363444,0.200960538117215,0.242984823812731,20,0.750058428454408,1.26913565210998,15.3271469054744,3.34353116899729,336.586600868031,184.455645061098,4037973.96532791,0.20190052036196,0.395010964362882,1,282.249419600703,945.880408165976,0.985011745244265,0.428137828595936,186.1648861086,4,6686496.90490508,0.23696498060599,16886,4,5,7,1,86,0.112109543289989,0.101417198078707,7,3,0.0622857838170603,0.417113582254387,10,1,1.01439206352302,20542963794252.3,0.878063976324727
"island_25",0.340459702769294,0.606986666331068,0.381064207293093,0.17921330910176,2,0.0282256062959091,2.59926158841699,28.1628300901502,2.16194382868707,245.902790804394,21.9051403691992,852472.12731536,0.423918517073616,0.0567007884383202,15,2.27444525808096,227.926510619,0.87696304358542,0.075993430800736,3.71093151625246,4,184.898483551408,0.211551541811787,64526,3,4,1,1,31,0.492517527309246,0.37761851795949,6,10,0.372507624793798,0.444019531249069,7,5,2.58070730005497,11481419.0240732,1.3292380497232e-07
"island_26",0.216398881981149,0.849370043724775,0.604078856529668,0.00018669250421226,9,0.000186558472996492,0.710149918682873,15.5270903022029,4.1817443035543,35.8229001285508,224.367769667879,370611.4285541,0.41849780944176,0.258187637547962,42,427.930364268832,36.8554219603539,0.277855427935719,0.78028789581731,297.730833408423,10,46200851.8051481,0.231040543643758,36734,3,4,8,1,6,0.349357283208519,0.482133581419475,1,2,0.074239909183234,0.0384982298128307,1,4,1.00008211786973,3194621649.38772,0.000136189333915565
"island_27",0.393565032398328,0.283762038685381,0.131130334921181,0.288296921015717,1,0.00422195864925229,2.33357807062566,33.7814981816337,2.05010883323848,167.451033252291,175.808252231218,4757789.74872454,0.192282674717717,0.252503768075258,15,376.092558843084,83.3818051032722,0.648046071175486,0.236651832936332,275.133667746559,4,3854648.61392933,0.18832599860616,68526,3,1,3,1,32,0.0939623189624399,0.145736627746373,8,2,0.269017464015633,0.463260256801732,2,4,1.00390362706625,77731319379.8191,0.00332209846162695
"island_28",0.723400071263313,0.161124809412286,0.572512021288276,0.0345191489439458,14,0.0322488097022834,3.84200001694262,37.0349740493111,4.48085219785571,126.140230684541,67.1307666460052,5398899.63148204,0.0391151191433892,0.052736091427505,13,51.8968987744302,89.5775649696589,0.423006471246481,0.714231987250969,470.529062207788,5,88609.3135541339,0.140519082779065,28890,3,4,8,1,27,0.0262184559833258,0.449324989924207,4,4,0.470767416991293,0.15234480262734,10,10,1.06853516588681,16484931049.1919,0.000704254720714391
"island_29",0.881285919575021,0.71777824871242,0.887244518613443,0.244425859954208,10,1.37182148919271,1.05416231323034,40.1451754500158,6.06105075031519,60.9274964081123,293.160649412312,4581500.88202226,0.463196418597363,0.489539385889657,27,274.061824195087,270.141153596342,0.00878845201805234,0.70405194349587,115.632740082219,9,2918746.00840565,0.239928526105359,35788,1,2,6,2,40,0.220249850186519,0.467680438072421,4,3,0.150437618605793,0.136118086753413,3,10,1.03015328894846,18897464301379.1,0.807730677243663
"island_30",0.388553598430008,0.612105308100581,0.981569956988096,0.273873399803415,15,0.959046027055911,2.59491198696196,28.6180880502798,3.39070478267968,354.211353114806,133.359461207874,11894317.7391217,0.112559895729646,0.409714205074124,4,29.5445392839611,277.588865254074,0.122333436505869,0.378963578259572,102.713396307081,9,64835.9988630877,0.394592387601733,25924,5,5,4,2,68,0.453303956892341,0.0205588955432177,6,6,0.446148679358885,0.0646866858005524,10,1,1.06490031273562,787597170018.53,0.0336637712464831
"island_31",0.861141225788742,0.357078125933185,0.816063076024875,0.220558191253804,7,0.387420491063697,1.30602911859751,36.7440114612691,2.85417540185153,55.7706948602572,182.652571820654,1395249.68716776,0.411229809513316,0.129385375068523,34,119.623079313897,981.194044928998,0.869380165589973,0.351508491672575,264.480110956356,8,137292600.270976,0.336621381342411,73405,1,5,4,1,10,0.335837788647041,0.143881147960201,7,3,0.158541688346304,0.202669769176282,10,2,1.01552030572581,75365097142959.5,3.2213169021241
"island_32",0.302626406075433,0.790617505088449,0.656470864778385,0.0510315794264898,20,0.160308927246162,1.33728996291757,16.8746403185651,3.76999340578914,11.8272302206606,246.477724146098,248005.564992382,0.299163486226462,0.127392298541963,2,281.629938748665,301.565791945904,0.678639715537429,0.721219269325957,51.8858410650864,7,1150790.17656866,0.116630278527737,79013,3,3,8,1,78,0.235750003601424,0.48274700937327,3,7,0.432580268126912,0.361867752391845,2,6,2.11956803469069,96975637050.9875,0.00414465499004854
"island_33",0.224326362367719,0.694377408595756,0.752258291002363,0.107170181139372,4,0.0502315796508912,1.86310473643243,28.8278495077975,3.61734228394926,1.55157002154738,292.723757587373,88240.6040375196,0.0371669974410906,0.495105570065789,26,208.587237866595,750.431833323091,0.615303493570536,0.210376491071656,193.602193612605,2,3753656.06558639,0.49597753980197,66777,3,3,6,2,92,0.0928120666649193,0.0415110703324899,3,2,0.483205888536759,0.0875961518613622,3,1,1.00464604614833,16715249548.8356,0.000714099184349595
"island_34",0.150362052023411,0.201259465655312,0.52358396910131,0.122619634796865,11,0.021371431045209,1.9398978408426,25.2202863572165,5.92555141635239,12.7457190537825,217.62779338751,804148.662310816,0.363499289611354,0.411549001932144,5,87.4697110848501,953.647930873558,0.786657415796071,0.651648968225345,246.774870669469,3,23678949.2763972,0.459619119181298,89212,3,2,4,2,85,0.20646865060553,0.425875861546956,5,6,0.0171030058991164,0.455073765479028,5,9,1.7447835932377,710025495536.982,0.0303481386345258
"island_35",0.351988713722676,0.81027102144435,0.654705564025789,0.255091025261208,11,0.52395373634053,3.4533187141642,10.9739886247553,4.7988101746887,282.48809359502,54.6147140208632,2805721.43775386,0.463968997588381,0.496851060772315,32,17.7586185745895,563.70724318549,0.0412558002863079,0.471171776065603,268.119282322004,3,1154626.55867428,0.157823133165948,32789,1,1,7,2,60,0.0173666363116354,0.427800761186518,4,9,0.191402085125446,0.348979929694906,3,10,1.0112176452791,1716420426677.8,0.0733643024146789
"island_36",0.688443848164752,0.1548128251452,0.0918255138676614,0.0364656480727717,17,0.00606696772555363,3.6368862837553,23.7836721586064,5.64201691187918,274.441153276712,247.504917648621,33149431.3890893,0.465744771528989,0.27223983919248,26,67.0086364261806,356.08793515712,0.140322300372645,0.163641463499516,10.5642033740878,8,152653.879703302,0.125507576740347,82396,1,4,8,1,11,0.476701329695061,0.065444270381704,6,3,0.408937410567887,0.383214460453019,10,2,1.03086351186802,31648766057.2245,0.00135239988724592
"island_37",0.833527870709077,0.717137412400916,0.799601594218984,0.239032025355846,10,1.14248958165933,0.353480362333357,46.5493973577395,2.03497060388327,141.35548111517,186.091164546087,880797.150840625,0.080783131532371,0.480858755297959,37,130.808579968289,536.691679386422,0.0483238454908133,0.297111025312915,215.745607856661,6,1875316.17013454,0.0377676074858755,67990,2,4,4,1,77,0.285840370925143,0.235618840088136,5,3,0.239531680825166,0.281834603636526,7,9,1.13098687848846,2134323343213.11,0.0912266542068415
"island_38",0.265115045011044,0.715984106529504,0.548885076539591,0.189892487204634,18,0.356122544023786,1.52898653130978,39.9648412596434,2.15482446178794,417.450149543583,134.483213955536,7392074.74590286,0.181989915436134,0.226516408612952,31,324.062094790861,125.392151065171,0.159591345349327,0.647152334218845,149.41576612182,3,2404035.13461454,0.317326089018025,51819,4,4,8,1,69,0.394039934850298,0.232228546519764,4,4,0.147790032904595,0.359393734601326,1,4,1.21767903353426,7706185440668.79,0.329383788278341
"island_39",0.878089340403676,0.100450244965032,0.989392439601943,0.267773417313583,16,0.373891624225832,0.285943575203419,34.6259328653105,4.5866054482758,283.004202996381,196.394070284441,2524029.72176507,0.240009461296722,0.267642385209911,23,388.051325338893,259.49060311541,0.226691361283883,0.0181387979537249,190.911135287024,6,700725.43304098,0.326052144169807,14096,4,4,7,2,6,0.27708639705088,0.0472017198335379,3,7,0.283737271325663,0.324767982005142,6,7,1.03163178844324,682201700394.492,0.0291588709903833
"island_40",0.352787426905707,0.403915893752128,0.207432063762099,0.273060802789405,6,0.0484273319476325,1.88351841922849,34.9063937668689,1.0609040223062,14.1897924477234,17.0169053832069,16842.539646849,0.255388561403379,0.372949289972894,28,144.054927281104,459.697565529495,0.0447560213506222,0.548798848176375,139.340711059049,1,604438.703153645,0.443845895119011,59620,2,3,5,2,72,0.0759859319077805,0.0965662229573354,4,8,0.130885282997042,0.0432978016324341,8,3,1.01758329324039,501672568.306867,2.10850789765286e-05
"island_41",0.796884515788406,0.917718944838271,0.903964287834242,0.0834452482871711,14,0.772299948133261,1.60914992820472,24.5186573010869,3.082794200629,482.030980056152,275.129113323055,16130551.8964401,0.0283319478621706,0.24751437723171,10,468.371490831487,226.636035367846,0.628111505880952,0.278348010033369,332.801642012782,9,3898065.39517786,0.451091519091278,44291,3,5,2,1,37,0.393890632200055,0.269891419331543,6,8,0.167361289612018,0.207550985040143,10,4,1.75765658232166,85352918962751.6,3.64822463577111
"island_42",0.492679675342515,0.924837998580188,0.496199128217995,0.0311014175182208,13,0.0914133962475695,3.97761520557106,45.160420355387,0.615859670564532,245.004606782459,221.408779453486,6001110.12484988,0.452925824793056,0.465735348057933,38,499.540142365731,407.159385969862,0.727664364967495,0.978270737919956,280.483345850371,3,976569665.457799,0.418192570679821,95570,1,3,5,1,64,0.118892771657556,0.102275220793672,4,1,0.445311191375367,0.101244141580537,8,10,1.0324258755243,553099863772845,23.6410510730118
"island_43",0.354080250952393,0.523056439589709,0.0673808115534484,0.030587389622815,19,0.00725241272470065,1.95128131378442,29.6311243087985,2.040851874277,459.099449100904,238.984805904329,12946624.8177539,0.142875223769806,0.161829525255598,10,186.214920482598,444.526166887954,0.133162189275026,0.0833501282613724,383.787050144747,7,570692.343361983,0.1724056834355,63715,4,3,5,1,20,0.197415193310007,0.124098831438459,1,5,0.433363022748381,0.316774248494767,1,9,1.00960453984194,54099395778.0151,0.00231200325482485
"island_44",0.590027780737728,0.502638900186867,0.883695865981281,0.250624185497873,15,0.985248126541584,1.64661711640656,0.317198701668531,0.801037598401308,60.1533040171489,63.8888711342588,1607.90960266856,0.0312811026815325,0.311323729809374,23,106.19825811591,227.657455485314,0.119291212875396,0.983657786855474,356.627643108368,7,1586305.81971061,0.0872061362024397,39328,4,3,6,2,69,0.443382060388103,0.0744400800904259,6,7,0.441552249947563,0.36859555344563,3,1,1.11113298748385,2792287970.48834,0.000118992455344059
"island_45",0.505564596271142,0.119536664104089,0.476828849175945,0.146684186020866,9,0.0380422428205226,3.93075469601899,22.9693449218757,6.17085593193769,90.7499686582014,202.379879239015,10232547.6283678,0.212737784837373,0.37102642597165,49,36.1013698857278,130.57545083575,0.131859212648124,0.368042865535244,155.900482903235,8,1103512.10222827,0.0541756232269108,18045,3,2,8,2,75,0.183966101962142,0.495831715175882,6,7,0.21531910111662,0.265179685433395,5,3,1.11128166718548,477365620648.951,0.0204035980038327
"island_46",0.395050474442542,0.573383291019127,0.916841645492241,0.246152463415638,4,0.204482492558222,1.13145114015788,32.0911065791734,4.52496292628348,61.4745499333367,152.547377231531,1540762.23690422,0.176004031673074,0.0985209905775264,38,85.4619221063331,948.420684784651,0.407450024504215,0.945728807011619,201.458545750938,2,8292114.92350627,0.41052564769052,87490,4,6,1,2,8,0.203998219687492,0.318367415340617,8,5,0.125686816754751,0.347924070782028,7,3,1.15854161588592,3026695333671.9,0.129369155233633
"island_47",0.529828790342435,0.753394706407562,0.260413681855425,0.266184205049649,9,0.249027154955155,1.08683159388602,23.494776384905,1.61390429735184,389.484683284536,79.5914209680632,1277520.83123512,0.487102989689447,0.344548819237389,12,426.593409152701,365.454886341467,0.0354305291548371,0.121509976685047,114.615278551355,10,1549290.33570307,0.0976546743186191,67281,3,6,8,2,68,0.0794293081853539,0.0026788953691721,10,4,0.101682878565043,0.292705374304205,2,7,1.00219036125496,493966766108.508,0.0211131778814031
"island_48",0.720915396464989,0.144941346719861,0.388055090326816,0.282471479382366,11,0.125990345625621,1.2598064634949,28.9209868060425,0.515330223366618,165.249769575894,99.0744383074343,307400.829351611,0.422408658312634,0.204611691879109,38,173.331829952076,720.547419972718,0.900885689072311,0.512201984180138,393.467675778084,9,670270735.365647,0.404565369710326,70118,3,2,4,2,93,0.368944512680173,0.249853168614209,1,7,0.434957243967801,0.446897934074514,4,6,2.83687213324771,73643144040145.3,3.14771575966959
"island_49",0.734616491245106,0.499246774474159,0.167250415310264,0.27709446370136,17,0.288948148621656,0.052976774983108,33.7080369936302,6.07462418265641,3.54769441764802,243.432729947381,9368.35991731169,0.466673462884501,0.27017000131309,5,351.254788809456,887.15660199523,0.13767218706198,0.0403515647631139,359.550269087777,1,392381.920014567,0.284550878335722,22795,4,5,7,1,26,0.129928313777782,0.193648438435048,10,5,0.406390846823342,0.237443926162086,1,7,1.09666772998229,1164843379.60433,4.94308738034672e-05
"island_50",0.331597216660157,0.48646386503242,0.218943568877876,0.0130665154661983,8,0.00369184474728755,0.810465874150395,15.9196163527668,7.77361558005214,246.14589556586,215.612233732827,5322999.03978496,0.0788840771419927,0.31007527699694,37,53.8490609033033,147.27239171043,0.235894162207842,0.995520176598802,230.113973957486,7,2714975.90448162,0.351984741864726,53789,4,1,6,2,36,0.448769004666246,0.236223806859925,1,9,0.0204270234098658,0.0217292148154229,7,6,1.00279538881172,53502998860.9939,0.0022865115649656
"island_51",0.501069548074156,0.225178860360757,0.209734172560275,0.114291225979105,10,0.0270462909078187,2.80304253846407,33.1452611251734,1.72943872399628,421.343354159035,298.020899249241,20176191.0443719,0.173993678414263,0.0261746266623959,8,487.094719428569,189.980921568349,0.0887214546091855,0.530988249462098,2.3806334938854,5,1890.6166223329,0.2238230695948,35695,2,5,2,1,10,0.128510543028824,0.444813939160667,9,7,0.379623150802217,0.109168253606185,8,4,1.03676425443966,1069622139.4374,4.53608488702864e-05
"island_52",0.436658007092774,0.471510867821053,0.163836694089696,0.250731597631238,18,0.152238986738159,0.273118149489164,14.1099040047266,1.6262525357306,223.681995877996,273.325119889341,383153.840965111,0.474816275411285,0.101004825555719,16,170.611296431161,937.149626668543,0.698287632549182,0.850773705169559,290.057486738078,7,147990879.354896,0.106462833937258,29669,3,4,8,1,76,0.39414479653351,0.33641004411038,7,6,0.289142729714513,0.140565371140838,6,6,1.90485132096825,16443531797144,0.702842666343252
"island_53",0.533641650807112,0.210195060819387,0.0294195751193911,0.29090922663454,3,0.00287996607875207,2.87208840902895,6.97537881787866,0.274289919063449,189.01938595809,46.4511289726943,48247.861701304,0.127252000616863,0.328327097930014,11,400.868054945022,243.699258659035,0.0167103272397071,0.317315249703825,76.0748144239187,7,126775.265724946,0.23068362288177,61623,1,4,1,1,13,0.173084050999023,0.25815498654265,6,4,0.25810714205727,0.036862917128019,10,10,1.00362577232668,17679573.2485209,3.97850434671514e-07
"island_54",0.799877143697813,0.302429027855396,0.0579578275792301,0.235101696546189,2,0.00659241619874322,3.83368742931634,25.3402821603231,1.62101731821895,58.7758644251153,290.42495128233,2688120.61911342,0.0542196759488434,0.330865860800259,48,87.9375643562526,169.986633816734,0.751728183357045,0.888071869267151,424.480760353617,4,14590368.7451806,0.302422783570364,36853,1,6,5,1,53,0.317462233128026,0.336663341149688,7,2,0.046428055036813,0.177028769627213,8,4,1.03359633897098,267245622630.11,0.0114224754160846
"island_55",0.988147104158998,0.349412430310622,0.764964474132285,0.242739237542264,12,0.769347326830324,3.71402221638709,25.8078052662313,1.94339937716722,453.802061849274,179.348616977222,15160800.2695755,0.0207002664683387,0.0838689637603238,23,264.75989446044,41.0323690157384,0.988369454164058,0.741870113881305,298.812587512657,9,855406.269249226,0.382874156814069,41365,1,1,1,2,62,0.344525131164119,0.314427039469592,1,4,0.0614120503887534,0.156200021971017,9,8,1.00282348664138,10005562315305.2,0.427665654741573
"island_56",0.363420613575727,0.662713578669354,0.466752725886181,0.0716723870951682,4,0.0322280589892958,0.578127318993211,14.5939714391716,0.383930049836636,404.23195681069,240.355096617714,314726.323779466,0.262674005585723,0.352432964020409,48,232.594172237441,391.830185661092,0.650595552753657,0.346319271251559,469.921470154077,6,257273978.819546,0.0502885193563998,74460,5,1,8,1,7,0.0298962708329782,0.145597339840606,6,2,0.348150881240144,0.0827915413537994,8,7,1.00041735852771,2610623845577.54,0.111585083869293
"island_57",0.158649182412773,0.0694235113915056,0.584406855050474,0.0321437801001593,15,0.00310347265745586,0.787872781977057,11.7704987293109,6.46166127547622,298.873048857786,3.99134969338775,71482.8210843042,0.329464044887573,0.421941371634603,39,55.0923236878589,188.792642438784,0.483950923662633,0.385880964342505,436.365895206109,5,22976103.6587519,0.180719892727211,98227,3,4,8,1,78,0.235501801013015,0.265025864820927,7,2,0.369708396377973,0.0582512110704556,7,4,1.3374837545124,6817332947.26824,0.000291034253833027
"island_58",0.204870010726154,0.813467290485278,0.630718816770241,0.260309415869415,4,0.109447070514714,0.896522416733205,16.1220830399543,7.60315396636724,101.300519541837,280.899277422577,3127075.64339268,0.174978315946646,0.0787642947398126,29,55.7876547100022,874.252222012728,0.345135826384649,0.30186884617433,225.432234117761,8,3662695.44066812,0.00570944382343441,95973,2,4,8,2,15,0.0934718156931922,0.277770376647823,3,6,0.0154644625727087,0.0806560927303508,1,8,1.00001503727682,1253573685164.79,0.0535809245160394
"island_59",0.505412728060037,0.221742590190843,0.0251750473398715,0.0211731178220361,8,0.000477903694757753,0.313401689752936,3.23821778874844,6.51659472845495,231.294516357593,290.55311686825,444445.973195988,0.167259615031071,0.0744107069913298,44,271.833104430698,660.948845790699,0.156499110395089,0.889955319464207,293.597643380053,3,12069889.3899384,0.121557593578473,14626,3,2,7,1,90,0.444843733450398,0.279061493463814,5,6,0.0195489533944055,0.177969578304328,2,2,1.00166975854659,2567953859.92119,0.000109403781411956
"island_60",0.73081397335045,0.973379568429664,0.412562787998468,0.218220878904685,9,0.576391983388245,3.59228572994471,38.1146735628136,7.14757896214724,6.04849203955382,215.083445515484,1273139.9260458,0.276207603979856,0.451946916175075,37,232.314493739977,130.244727013633,0.28485845355317,0.965067935409024,238.346525700763,6,54942486.7442443,0.337572071701288,91440,2,6,2,1,19,0.38880269578658,0.241975526208989,2,1,0.206808493006974,0.250464785378426,3,6,1.01189049982333,40797720700170.7,1.74380953349334
"island_61",0.195804699091241,0.285444262437522,0.934564789989963,0.102843674411997,14,0.0752072075097736,0.257602673023939,13.9392731594853,6.76165168918669,350.316158146597,147.716925339773,1256416.75150615,0.128686961834319,0.280327889719047,17,152.320380555466,470.18296062015,0.319306618766859,0.618250548606738,352.130631101318,7,21372186.5162337,0.218845054856502,11675,1,1,6,2,43,0.408818856347352,0.346386391203851,10,9,0.113002096186392,0.410119722248055,1,10,1.03751488090207,2095253001884.74,0.0895566773920512
"island_62",0.265529745258391,0.216110861627385,0.542515757028013,0.2521776472684,12,0.0942084730742281,0.303367080166936,31.4796159393154,7.11392101459205,290.621042833664,25.0234289327636,494061.250060981,0.105864122393541,0.116953421849757,35,24.649950210005,285.006954334676,0.0399302893783897,0.0348657665308565,348.867749096826,2,2957.2890596721,0.426424175384454,61419,2,2,6,2,35,0.0863074938533828,0.197297239908949,5,8,0.425147275673226,0.45593246712815,9,1,1.25192970646231,172323488.981556,7.00776847076069e-06
"island_63",0.739102673484012,0.390757139306515,0.279898828826845,0.26296840114519,7,0.148803923327699,3.17855705134571,26.9155895803124,2.51954300515354,63.6993853840977,296.615433879197,4072721.10268023,0.249009300721809,0.465243462473154,35,458.607998443767,535.461437422782,0.795086215715855,0.793020776007324,410.054016509093,9,2316946927.39403,0.487132890964858,86296,4,1,7,2,69,0.359616479021497,0.140901492908597,4,4,0.0276935087749735,0.151726305484772,6,1,1.01598951592904,1426607047267726,60.9772169316398
"island_64",0.371198882581666,0.836923437193036,0.592824416235089,0.250465500424616,2,0.092256374144556,3.97446770872921,33.7748125311919,0.933113532140851,324.95007943362,162.035313248634,6595272.25610203,0.375912310089916,0.216076242271811,25,337.187783559784,649.36119155027,0.694834611611441,0.401867355918512,443.156365887262,4,220076106.11573,0.0556046782294288,14329,5,5,6,2,41,0.46701698761899,0.288396874093451,2,1,0.324766532285139,0.00413925701286644,6,6,1.0006070122024,133987889225221,5.72702072418316
"island_65",0.810354870278388,0.836488090921193,0.232320160139352,0.113780712615699,18,0.32252476081347,2.37722294591367,26.6201161197387,7.22502040676773,350.366616738029,8.8610491482541,1419471.90822348,0.216684306622483,0.281012072809972,34,57.5192715041339,385.582361835986,0.0466207151766866,0.722697289427742,114.609303767793,4,709213.694835893,0.383338227635249,39981,2,1,7,2,55,0.106437052018009,0.250965090468526,1,7,0.00439929752610624,0.243037522188388,3,7,1.00046888674091,324840794739.823,0.0138842558561044
"island_66",0.373301439918578,0.0608994050417095,0.186050293967128,0.294039601832628,4,0.00497472287632242,2.18493112083524,12.6920016482472,3.09351786412299,34.5152266090736,85.3620162466541,252752.751626246,0.185671807499602,0.254695495939814,15,67.4918381264433,853.263023775071,0.563271215651184,0.570274320663884,331.790876225568,3,13061099.5522177,0.154568657744676,61134,3,1,8,1,58,0.191450737300329,0.277631609817035,2,10,0.426906516193412,0.355848336941563,5,3,1.15352973983361,18944071342.0274,0.000809365327218609
"island_67",0.644473356427625,0.0651251971721649,0.436208092607558,0.190793758467771,8,0.0279448567388755,0.0243170522153378,29.0750124258921,0.307266492396593,257.951802224852,279.010852589272,15635.2813934594,0.0844084948766977,0.498597479308955,26,196.147802518681,588.071376318112,0.56525990110822,0.411317355465144,71.8966037966311,5,10549373.3916497,0.0638696681708097,98896,1,4,7,2,42,0.426416462985799,0.205402473569848,4,5,0.441057777265087,0.0508322617970407,10,9,1.25302965738845,5775580000.42529,0.000246506788527676
"island_68",0.71816508169286,0.15249466849491,0.97271218476817,0.0696572680491954,9,0.0667839724857852,3.52554204687476,29.9324671621434,6.74533042870462,190.951587515883,122.322110831738,16626463.4686522,0.235504348529503,0.311824020114727,23,277.725019841455,233.124886173755,0.38589967857115,0.826477877795696,248.763557174243,4,34705026.185574,0.412567339837551,42088,5,6,1,1,1,0.261984077515081,0.224882752052508,6,8,0.0755866365507245,0.0379645947832614,7,6,1.0008469513473,38568449314989.4,1.64852417379199
"island_69",0.631397228920832,0.222469956148416,0.13964583654888,0.184079170133919,8,0.0288866159524989,3.49922781717032,12.8200766979717,6.24838581681252,159.567841677926,133.293477608822,5961903.59400948,0.121310669579543,0.385964206187055,14,156.861862051301,953.644827241078,0.689839957049116,0.746303474064916,403.225299320184,3,61067610.4627158,0.207122021587566,29429,4,5,8,1,1,0.343319446896203,0.31801320030354,9,6,0.3333698597271,0.484344045282342,8,2,1.07157075240883,11269726971682.3,0.481699625125503
"island_70",0.825317966518924,0.73636744171381,0.90652168309316,0.244195340573788,8,1.07627049334168,1.25365856662393,48.6190096475184,5.93953189998865,3.34867043420672,78.6625656997785,95362.6070084023,0.469204187393188,0.264168901485391,20,372.064958326519,977.346874540672,0.559558728476986,0.0602347541134804,69.659499800764,3,6349440.91019405,0.37629742315039,41555,3,5,1,2,38,0.350372250890359,0.370621298439801,6,2,0.266867552767508,0.408857864676975,10,4,1.58418562213125,1032383613164.64,0.0441266356784392
"island_71",0.473047636449337,0.905639030970633,0.574644812382758,0.0223894410766661,11,0.0606310983918281,2.0447349883616,7.92047526920214,7.41732342913747,414.834489813074,229.066148819402,11414877.5908487,0.258574572741054,0.179247720167041,38,193.401311174966,548.502228921279,0.788697546813637,0.892650335561484,440.248210332356,8,463276544.427559,0.494292473769747,30195,1,5,5,1,2,0.198637515306473,0.341509526711889,9,1,0.106809013523161,0.179860920761712,9,10,1.00378726561932,321846424615066,13.7566254805078
"island_72",0.0624644586350769,0.129190895473585,0.540371746988967,0.237131197541021,15,0.015510917097162,2.400664572604,11.9116027257405,6.36761889792979,483.258502790704,192.045224807225,16899029.4925872,0.135703797801398,0.364655948593281,11,29.3994348030537,479.166835546494,0.910514247603714,0.584826440317556,327.561329002492,2,2675038.81403204,0.306538606178947,48582,1,1,4,2,85,0.123965750448406,0.143275007605553,10,3,0.429233893752098,0.304537363699637,7,6,1.14274109669827,801266848592.458,0.0342480519440136
"island_73",0.530065412865952,0.945207413285971,0.739898974774405,0.00725895997602493,10,0.0269093627786737,3.95721264462918,40.5964952544309,4.52731248550117,180.5753367953,234.746375726536,30830156.6274188,0.1970526475925,0.206959225120954,2,95.2162040630355,318.227481096983,0.81595904729329,0.852028877008706,350.598132004961,6,3614341.04090832,0.209141026018187,36098,5,2,3,2,54,0.245496337069198,0.26009422133211,3,1,0.479961251956411,0.275081321713515,9,9,1.24145133875757,3722528017193.38,0.159111010793272
"island_74",0.820894552627578,0.651277658296749,0.170934460591525,0.138031153567135,9,0.113527952870217,3.00308358017355,44.9052600888535,6.59207577630877,272.751523647457,174.647807562724,42346463.8121302,0.000652226153761148,0.0380206211702898,31,190.697357757017,655.710300663486,0.0813693457748741,0.364093767711893,357.281856355257,6,6104.80892029543,0.440902592381462,55534,5,2,7,2,40,0.369173132465221,0.49655902502127,9,4,0.490435770014301,0.239110128604807,6,2,7.13595668997888,209432577359.035,0.00895138246136267
"island_75",0.239211420994252,0.220221295487136,0.95515819801949,0.114452958502807,17,0.0979022056578209,0.406984898261726,38.3790637250058,3.19689225032926,385.14419272542,268.276401702315,5159486.67912884,0.457493609632365,0.424609750509262,42,499.356514890678,290.457550203428,0.065629226854071,0.369102753698826,188.83732042741,10,54131502.0755181,0.442973741330206,32260,1,4,4,2,77,0.377561169792898,0.075375841348432,6,8,0.00885510980151594,0.00117283838335425,9,5,1.0000997178975,27345908408297.5,1.16884105662396
"island_76",0.946322277188301,0.0578526470344514,0.109750716248527,0.0418941770447418,12,0.00302067896691741,1.13435086421669,34.1344516491517,5.85455868206918,487.698032753542,190.319600561634,21041128.1555144,0.486372339306399,0.278921499149874,21,84.2497398843989,638.164663920179,0.678386682644486,0.749187487643212,224.951904383488,7,122582089.134632,0.335610789130442,30739,1,2,4,1,1,0.203940125415102,0.422667704173364,3,9,0.366360347252339,0.428048743749969,7,10,1.01015176087794,7870226604035.29,0.336395371238184
"island_77",0.803566743386909,0.694696434075013,0.746787656331435,0.0657409592298791,11,0.301469150306212,0.362768483348191,16.5341697982512,4.52425120212138,467.53085788805,117.218236019835,1487181.98177473,0.0503137327032164,0.413256661384366,6,133.30683496315,954.110594233498,0.0312647726386786,0.0165426544845104,402.810300351121,7,23140.2404911383,0.433552880422212,91622,5,4,3,2,40,0.165201663621701,0.306939655332826,7,1,0.487675323500298,0.191628096159548,1,1,1.03046802562139,10690779708.3909,0.000456596316115355
"island_78",0.582159605808556,0.845122439321131,0.184400595258921,0.14193420256488,18,0.231784071165197,3.73044054489583,22.1227645175532,4.51808320917189,473.079529241659,110.370358731598,19468852.4795367,0.158074374543503,0.321833070600405,28,280.872402596287,497.784378938377,0.226687825517729,0.169264644384384,369.777127052657,7,19780307.5109175,0.137001924216747,52384,5,4,5,2,56,0.0227537173777819,0.325537945260294,7,8,0.171413697768003,0.114120135549456,7,8,1.17599015925551,104968905207206,4.48666732947999
"island_79",0.410048613091931,0.0536353485658765,0.738942388212308,0.0134575658943504,10,0.00218707436173472,1.85616265889257,34.2355195316486,1.28539520874619,61.8717131437734,85.6970249209553,433099.335519957,0.481477149296552,0.0364816255168989,15,337.052087998018,806.629077531397,0.0634440307039768,0.549931285437196,121.990129468031,2,609769.78096631,0.292933603166603,96564,1,5,2,2,4,0.374931886442937,0.442645968985744,5,3,0.487785626552068,0.0929514769231901,10,6,1.073839535082,620235119.869359,2.61527775294453e-05
"island_80",0.70576988090761,0.934910808457062,0.635665900073946,0.273034743452445,12,1.3742361736011,3.48162105027586,21.23876104597,2.08627190068364,178.698636591434,278.956163395196,7690220.41035465,0.154770265566185,0.152237822301686,41,324.550194549374,585.447635035962,0.477384423604235,0.8520666542463,170.075770118274,10,126983746.805061,0.480100722401403,15600,5,2,7,2,30,0.119835428660735,0.287425694405101,4,10,0.267945757950656,0.369022276834585,4,9,1.74336556869713,2339573886424243,100
"island_81",0.917136367410421,0.943237668834627,0.532052326481789,0.117564626061358,19,1.02811019459855,2.14945991244167,13.0673419451341,1.91516676917672,190.962185151875,207.628620509058,2132837.64416992,0.257006456260569,0.00538476160727441,2,407.254491234198,424.915866693482,0.764409048249945,0.18930722004734,66.9492760207504,8,37122.584966143,0.285111977253109,14525,2,1,1,2,29,0.229808046715334,0.409862633096054,4,10,0.441596484859474,0.374274482252076,3,8,1.03458602214778,84217487236.1475,0.00359933560797973
"island_82",0.526052658446133,0.402599750785157,0.810711377765983,0.117670411546715,12,0.242447387045456,3.98389297630638,5.87958580581471,0.872848134487867,122.578861075453,129.307594592683,324065.42543834,0.083782110712491,0.0880971404258162,28,319.383104681037,552.083243615925,0.274210161762312,0.492066869977862,9.87586763221771,6,291354.564331287,0.229755996842869,62017,2,6,2,1,82,0.324864926398732,0.279962657252327,3,4,0.413683091290295,0.255879135336727,10,6,1.93662387305827,44331998897.4969,0.0018945171060802
"island_83",0.34657446318306,0.690124005079269,0.0696274265646935,0.190918424888514,17,0.0540506350926339,3.8076642267406,0.0604055821895599,5.9444552436471,469.532772316597,28.5148854833096,18305.6570591832,0.0032802983187139,0.476008301833645,8,282.780951936729,536.040738224983,0.507013127673417,0.489078097743914,408.156812773086,2,383283.627800312,0.102549530914985,23636,4,3,7,2,92,0.0926787465577945,0.275001814588904,8,3,0.303867788752541,0.185983963543549,1,1,1.00623190926065,381596582.954161,1.59526919859263e-05
"island_84",0.371302512707189,0.50110782450065,0.866142333950847,0.271956873941235,8,0.350621356478083,0.752950686961412,39.1218794276938,7.1968064494431,487.269820878282,3.91640563029796,404560.285816331,0.215770114329644,0.408967917086557,33,19.349641748704,816.863464191556,0.479465089738369,0.680898259393871,489.311721292324,7,51468290.810383,0.0817985808243975,99271,2,1,2,2,49,0.276281431782991,0.0900955870747566,8,9,0.489448658190668,0.0939544782740995,10,9,1.113763952815,8131197633761.21,0.34755001064385
"island_85",0.0272887025494128,0.429029420949519,0.967802674742416,0.272673234762624,18,0.0556124202692237,1.72629525698721,29.9611162627116,1.72237212210894,499.657960259356,80.6447968119755,3589626.12594684,0.290308734518476,0.059419161756523,14,76.4710230287164,146.224488504231,0.518722450360656,0.266962006455287,488.035627873614,2,365004.060770866,0.269864920875989,24274,4,3,4,1,16,0.0206318333512172,0.392343460465781,2,6,0.487435768241994,0.33423063706141,3,8,1.00919881293902,73535227551.7346,0.00314274563727515
"island_86",0.341756497509778,0.976184419589117,0.84099349216558,0.0868666287744418,15,0.365582596782525,0.251040267758071,13.0265879328363,5.4133358001709,175.616750726476,250.611712317914,779123.554872981,0.230044540949166,0.280086131184362,30,439.596705371514,389.812950510532,0.875134138623253,0.0334895490668714,245.462241931818,6,14297343.6493357,0.36348944180645,83153,3,6,2,1,21,0.0657996657537296,0.413145177764818,4,5,0.30922988045495,0.275561329675838,4,5,1.10201626456712,4487817709057.19,0.191821655199201
"island_87",0.459116484737024,0.604068801505491,0.693159059854224,0.0233826911542565,7,0.0314655067305141,1.51283788494766,7.30296990368515,4.68660307303071,195.361442747526,102.778534940444,1039660.04059096,0.475815215380862,0.462127109523863,20,170.594941009767,514.365933369845,0.791489150607958,0.430295911850408,159.640354919247,3,62942536.1755278,0.461334905587137,15381,5,6,7,1,17,0.289971486781724,0.0315564036136493,3,4,0.114365583052859,0.470635358709842,5,7,1.02524186942192,2111040932945.29,0.0902314981877806
"island_88",0.721692129736766,0.550390791846439,0.615415419684723,0.18918227548711,14,0.64744067895987,3.92388239130378,42.9671975318342,7.91741525568068,329.099503462203,184.859233209863,81209120.7315449,0.168705899035558,0.131294749444351,40,268.009612103924,120.366018498316,0.604107310529798,0.04002764984034,359.351276652887,10,2483620.63343946,0.433836889686063,27172,2,5,8,1,15,0.0524972680723295,0.422178351436742,6,10,0.227876788936555,0.350881560705602,4,9,1.26090986180183,164654684764567,7.0378062405983
"island_89",0.697564593749121,0.851344026857987,0.878860258497298,0.156580581329763,6,0.490341329465857,3.18122812733054,49.7390522155911,6.30710816197097,437.445041490719,72.5695767905563,31681131.6723708,0.367018893477507,0.282982509466819,36,99.9372430378571,348.637116141617,0.428936946671456,0.651642351876944,151.807996095158,10,55277565.3571019,0.09848331741523,50212,4,1,3,2,9,0.212755328509957,0.435910207335837,5,9,0.271484118537046,0.458685679943301,9,9,1.21665551911082,1044758044922161,44.6559113328872
"island_90",0.40756047423929,0.876165388850495,0.802596683148295,0.0392831620294601,10,0.112585367837159,1.94987667538226,42.5599649199285,6.07703250087798,347.397448844276,274.940811074339,48168796.8696143,0.375650955131277,0.429165246314369,4,429.808119428344,846.500380430371,0.528972636209801,0.748352341121063,95.1167080784217,6,53005165.7905246,0.337808364653029,10602,4,5,8,2,76,0.0391031022882089,0.432028207811527,8,8,0.0779332636157051,0.192410787101835,5,5,1.17010763960241,336350255628498,14.3765602109085
"island_91",0.0257388125173748,0.113245784305036,0.975882816361263,0.169381497125141,13,0.00626350661971581,3.92839840333909,36.7317278403789,2.37470173835754,425.369412754662,127.865389944054,18637395.3937324,0.000258045387454331,0.409121708362363,23,268.523481674492,512.574756518006,0.464164985343814,0.416579386452213,50.7128994213417,3,9831.63602750877,0.114515022723936,63560,4,4,6,1,40,0.350378814851865,0.366462367703207,10,3,0.308751374599524,0.441130671300925,7,2,1.98922458612624,2283033953.11293,9.72254993119087e-05
"island_92",0.770579447271302,0.246713819447905,0.815300336573273,0.219763047597371,1,0.0340630230883376,1.91574541199952,49.1072915960103,6.92606967501342,315.91664114967,150.496991607361,30979253.9266241,0.232466885121539,0.0205779649550095,20,239.382661180571,833.163113566115,0.605722678825259,0.566364766797051,81.5447106724605,10,5338043.38443244,0.332234691479243,34834,2,1,2,1,28,0.314400267438032,0.0818996226880699,2,9,0.0866074529476464,0.0503345505567268,8,1,1.00009235450449,5633474718940.68,0.240790273828038
"island_93",0.286025478504598,0.415906012291089,0.15031649149023,0.298467825190164,10,0.0533708440133059,2.27717138268054,41.3289239397272,0.315744617953897,319.43441578187,291.541570192203,2767374.69478746,0.175051227095537,0.232509732362814,39,304.117144900374,331.013680202886,0.518235351657495,0.743810925632715,339.2405717168,7,146269293.987233,0.0804467016132548,84219,5,2,1,2,16,0.298768022796139,0.488662666408345,6,6,0.276524686370976,0.0811033719219267,2,9,1.02215742165746,22082232982533,0.943856691943601
"island_94",0.698206371627748,0.965838972479105,0.210627824766561,0.127911362797022,14,0.254355678490998,2.65903326030821,37.6176069374196,1.7034023758024,182.124645798467,124.597011390142,3866415.54387329,0.0682623947504908,0.069725975394249,34,88.1367857800797,594.817371573299,0.256852232152596,0.0663335262797773,123.383203521371,9,160513.242503047,0.325962750124745,14583,1,5,2,2,86,0.468970406334847,0.452222957392223,6,9,0.18271577404812,0.0855495083378628,5,4,1.14104594283489,180120840503.888,0.00769851598297884
"island_95",0.431615781504661,0.134990847669542,0.351611351128668,0.149496178328991,18,0.0551273508614713,3.57291025668383,8.44406707910821,1.74901601485908,91.5190002415329,215.154094761238,1039030.8722215,0.23400574515108,0.421982908272184,24,3.65638628136367,810.626815306023,0.769907781621441,0.248984167119488,478.763640625402,7,4512687.92248995,0.460613760049455,16180,3,2,3,1,60,0.292048297473229,0.402367746457458,10,4,0.405735595151782,0.429917555069551,4,4,1.50879914645372,389997932877.388,0.0166692560969089
"island_96",0.925906122196466,0.859430793905631,0.575575313996524,0.15244209934026,6,0.418924921371856,3.44006633758545,1.31344605470076,3.98049339465797,455.060567124747,199.874737020582,1635848.47882069,0.00603837356902659,0.274357246118598,50,428.060079924762,459.246565122157,0.284464607946575,0.144977193791419,45.18021363765,3,91023.7087108377,0.204088137368672,55675,3,2,3,2,55,0.223344213329256,0.495408220682293,2,7,0.0176658609416336,0.144743982353248,3,3,1.00385609237675,62618874436.1011,0.00267614985169048
"island_97",0.217138139531016,0.684415944153443,0.995441432576627,0.0158238582545891,12,0.028090894836453,3.666941720061,12.1342424536124,0.290223881602287,188.283256487921,63.3131664711982,153941.444602464,0.154161346843466,0.193793230806477,5,83.3136127330363,174.0419161506,0.640251246048138,0.893571101827547,20.7766933599487,4,102984.033066488,0.132590525201522,45563,3,2,7,1,13,0.104893523617648,0.424252957804129,9,1,0.470697299111634,0.214319644263014,3,6,1.01155087149658,450483362.355638,1.88971076356178e-05
"island_98",0.215295800939202,0.542604866437614,0.453204639488831,0.0893024777295068,16,0.0756479359004016,0.734722889959812,47.0796961104497,2.092594075948,109.298312338069,268.289487739094,2122556.82058147,0.309709516586736,0.419317972497083,22,180.42605696246,825.457067927346,0.214274300960824,0.289009304018691,290.203025564551,3,22941381.0645594,0.0909691652050242,49255,2,5,6,2,44,0.156839844887145,0.419793187174946,8,10,0.391550400527194,0.49623497785069,1,9,2.05003231274293,7551559921388.11,0.32277465655862
"island_99",0.786752367625013,0.84364548092708,0.42130158119835,0.259543906571344,12,0.870929929631416,0.149563501589,44.7238629800268,7.93014572933316,105.118672596291,44.0177256474271,245444.648899717,0.417552223312669,0.359835749841295,17,160.26463790331,783.60575158149,0.824822718743235,0.221337507711723,208.246921654791,8,97562643.5254812,0.207463018014096,99772,3,2,2,1,79,0.00499955250415951,0.22463366726879,7,4,0.363224824657664,0.245836533489637,5,3,1.00397396531395,20938366334729.3,0.894964598450242
"island_100",0.535922278882936,0.880102694500238,0.979076406219974,0.219070527283475,9,0.910496352244068,3.62398984655738,26.6381924855523,6.59765473566949,475.33849615138,256.247241748497,77578878.4504753,0.371888741734438,0.31909262330737,33,125.349708017893,699.668267508969,0.722911496413872,0.400199123425409,47.1984728937969,1,4689736.60082094,0.0624231619294733,46303,4,2,3,2,22,0.0518381766742095,0.197218701476231,8,8,0.367032660287805,0.311326243565418,9,6,1.0593712649797,350928263114352,14.9996654533891
"island_101",0.35601705010049,0.84174590674229,0.0216881420928985,0.035695865470916,15,0.00348003278748444,1.17690579220653,32.5824064901099,4.65500633046031,429.452961892821,103.653060458601,7945895.80222714,0.131773083820008,0.357651854981668,32,407.340188394301,442.179432604462,0.564320201985538,0.910751877119765,493.574295658618,8,551265942.107383,0.0795704163610935,96008,4,2,7,2,77,0.356544368900359,0.253230808069929,8,10,0.106800975743681,0.129160284763202,7,6,2.32851676068925,35494963325615.6,1.51715469586244
"island_102",0.689035173971206,0.257370230276138,0.103649183176458,0.117000703350641,10,0.021505723608977,2.84140330087394,41.1496698623523,7.82979158870876,85.1247749524191,55.4535498144105,4321502.48786324,0.175822982448153,0.284836684120819,41,316.304935258813,711.346474010497,0.831097022397444,0.433378610759974,173.974137054756,1,28949859.6414123,0.410216936608776,90728,5,2,6,2,56,0.241594993742183,0.176703462610021,1,10,0.061003111070022,0.342794800759293,1,5,1.05378638668349,2835227245452.92,0.121185267987536
"island_103",0.338250393979251,0.466280377702788,0.611225946107879,0.247383809904568,12,0.286180311406837,3.28483000677079,40.4031004640274,0.538521144539118,263.266237685457,267.251190799288,5028577.74339935,0.000531505444087088,0.387551646446809,49,73.8773737102747,108.636018587276,0.20953345973976,0.870207375613973,409.602527623065,1,6050.02883149375,0.324221889139153,50491,2,5,5,1,43,0.101355047314428,0.339737426140346,10,6,0.332990034250543,0.277794793597423,8,2,1.51859859742587,13221640959.3443,0.000564772479077987
"island_104",0.878732976969332,0.131693990668282,0.675503344507888,0.160358341620304,9,0.112819573154732,1.37799260951579,45.1180663192645,5.4917670506984,295.193142723292,25.0581715721637,2525603.18710598,0.0413287042174488,0.386990786180831,24,379.902107291855,616.440310142934,0.578080749837682,0.221743111032993,226.983784115873,5,13077654.7820509,0.0963198734680191,88794,3,5,2,1,81,0.411312716198154,0.425186419510283,6,5,0.461799134383909,0.372673339443281,3,4,2.08509122240436,7769704432467.44,0.332098769514647
"island_105",0.546854361891747,0.492733865976334,0.608370719477534,0.297031233203597,15,0.730374789517026,0.336726879701018,12.2339664609171,3.82141214050353,480.696093523875,33.6253646062687,254452.39645184,0.0770302416058257,0.378257083822973,33,416.665058233775,811.281539034098,0.658535966649652,0.994196338113397,137.101651984267,8,233402379.179275,0.300436749355868,84602,4,5,3,2,43,0.352294694050215,0.499013132648543,6,8,0.081597303156741,0.287252281676047,9,8,10,433768088178804,18.5404737108913
"island_106",0.200068019563332,0.312971687642857,0.890084438258782,0.0848083940567449,3,0.0141799280492626,3.17296378035098,7.75783754652366,5.23170673288405,95.5186878563836,194.810445955954,2396347.38412518,0.149165745009668,0.0990560852224007,2,491.206575185061,462.571855867282,0.477474811254069,0.365665037650615,273.467037826777,3,961797.800578871,0.156126841320656,57148,4,1,4,1,10,0.295454287319444,0.18785293539986,2,4,0.340622030780651,0.0203837953740731,1,8,1.00016105335387,32687185005.3553,0.00139678484802327
"island_107",0.375935934716836,0.843393457587808,0.538988457992673,0.0533842831850052,14,0.127721786636688,2.00683165434748,24.2761634639464,5.97112525813282,55.9716082643718,213.680715300143,3479207.19013422,0.102139644790441,0.138769499724731,33,16.5145428618416,659.919706173241,0.389625251060352,0.828668070957065,279.468745342456,2,919921.779294875,0.111116270069033,59401,2,3,7,2,81,0.277958218939602,0.0497662521665916,10,10,0.496163776726462,0.362150048953481,3,5,1.80682405429029,738604657467.623,0.0315696927901239
"island_108",0.166593414498493,0.67290894431062,0.260874950326979,0.0349436729215086,19,0.0194163978613589,2.27651185356081,10.7759470236488,7.83580269291997,68.7027584062889,128.48075449001,1696762.69818263,0.00102170719765127,0.466663114610128,14,414.739286527038,917.347467970103,0.0998024686705321,0.50459601264447,431.382283568382,6,331028.70910417,0.19291883346159,71039,2,6,7,2,44,0.191807035589591,0.0236011923989281,4,9,0.197653193492442,0.444370503188111,2,6,1.08383948006399,11820079502.4377,0.000504865781108133
"island_109",0.356658429373056,0.994384524645284,0.457068901974708,0.193435780028813,20,0.627126753206612,1.31527907401323,9.76428316207603,0.575752727687359,63.4597355965525,150.728000281379,70727.2017122156,0.289012705441564,0.386376237496734,38,222.878217813559,242.727169767022,0.652372780721635,0.582245380384848,448.13053694088,1,39075395.5000798,0.412701533176005,42008,3,5,5,2,34,0.149311019107699,0.089321083156392,8,4,0.404983559739776,0.00193983595818281,4,4,1.00227691518475,1737132373605,0.0742495895655355
"island_110",0.107817216776311,0.812308561988175,0.991811259184033,0.0260405817534775,19,0.0429776302181293,0.489171070046723,3.10655853245407,6.50774854980409,110.765662160702,135.228593903594,148130.589059097,0.472085777088068,0.379851905861869,22,233.093355665915,443.640367127955,0.766253267880529,0.585861640283838,236.94332735613,5,216970528.632265,0.228363789850846,45165,3,3,4,1,75,0.116343674133532,0.0439161828253418,4,10,0.416902907309122,0.229356686002575,3,3,1.02359278925544,1413888557115.81,0.0604332352489863
"island_111",0.615074668312445,0.903904367936775,0.407870507100597,0.198524062824436,6,0.2701077429252,2.05056537687778,10.4672802379355,6.44173610396683,421.261195791885,202.523391181603,11796062.0434199,0.490986759541556,0.0183681137859821,48,214.665307314135,512.957823695615,0.268593114800751,0.394781373906881,88.3019773755223,4,1785258.25450558,0.0672361657489091,66051,2,4,4,1,23,0.161109709530137,0.409484685980715,1,1,0.427109541953541,0.0352857768302783,8,6,1.00074306748216,5692430305316.96,0.243310202218816
"island_112",0.914955448824912,0.18380614137277,0.49881292367354,0.204340541129932,17,0.291407767277901,1.08132287766784,21.6512411017902,6.73325660638511,95.677696634084,34.7421422135085,523999.2420176,0.21593772911001,0.145523644518107,15,200.204027001746,542.266630101949,0.116173756541684,0.31003429973498,186.586474650539,10,3439038.00748907,0.0747772252652794,38929,5,5,3,2,51,0.112332947435789,0.304261647630483,2,6,0.163546571624465,0.30156944366172,2,7,1.0303809894306,541086371156.323,0.0231272029775901
"island_113",0.316245718393475,0.0676953159272671,0.525534224696457,0.010982534266077,20,0.00247125090009973,1.18945429474115,0.98708828445524,6.54705964401364,321.200465317816,6.91255673300475,17067.3041507187,0.455156248644926,0.0358069671783596,29,219.402433955111,156.846660887823,0.277124051935971,0.951873399084434,101.67928726878,3,1308729.59260396,0.364015713566914,90147,3,4,4,1,30,0.296648371382616,0.25507312559057,5,1,0.410273483605124,0.118310948135331,2,2,1.01671759982784,56121856.9675976,2.04098229213069e-06
"island_114",0.958394568646327,0.548587752506137,0.998350890353322,0.0248652822570875,4,0.0522067965965198,1.87893375847489,39.5262819132768,1.68946298398077,226.663757814094,200.078158755787,5690204.57828731,0.0349619676126167,0.402990963077173,34,406.325152609497,998.034755466506,0.0572862564586103,0.535492965485901,353.44212106429,10,21062600.0361227,0.185319096897729,60711,4,6,2,1,20,0.407364307669923,0.454536445788108,2,2,0.315672995755449,0.00546812161337584,4,10,1.00265294502986,6273610346075.7,0.268151479778406
"island_115",0.143212624359876,0.69412595545873,0.0271014736499637,0.123954281327315,15,0.00500916439153381,2.20773633755744,12.1107537997887,4.12012734822929,239.658962236717,119.613555539399,3157934.33735569,0.327431879937649,0.414187245303765,16,9.49822529219091,771.54305530712,0.348731572274119,0.832444000756368,160.041067865677,10,7387849.40873671,0.196660333196633,89930,1,3,5,2,4,0.240006512613036,0.46543677628506,3,5,0.0595312187215313,0.462810805300251,6,9,1.02548598689854,119843958276.143,0.00512211167306596
"island_116",0.965887973317876,0.154981655534357,0.994042172562331,0.235995422210544,16,0.561869458105238,1.22227645199746,18.5631033498794,2.77205557748675,22.5460040383041,219.549688976258,311332.4343002,0.307522444869392,0.379879706422798,9,493.255284032784,190.75537729077,0.532906809356064,0.559506479185075,263.732623541728,8,62233494.694636,0.365727810189128,86173,3,3,6,2,37,0.227638749754988,0.414304270525463,10,1,0.0974603318609297,0.461384797585197,10,4,2.02942862981957,22093156299905.6,0.94432358540121
"island_117",0.122316072462127,0.762823184486479,0.67347539961338,0.178670148504898,19,0.213321558346541,2.36200250033289,30.0373067264445,1.76768743805587,450.258411816321,65.3520924272016,3690355.03890759,0.176513414480723,0.465898800641298,17,115.310261258855,48.1438250280917,0.726433642208576,0.211369031108916,230.832634144463,2,550162.882365505,0.425020758295432,39593,2,4,5,2,51,0.140623817685992,0.0929065402597189,8,8,0.15490850713104,0.066472707898356,10,2,1.05696201390195,457776573631.995,0.0195663067688467
"island_118",0.731390573550016,0.353860029485077,0.341471479739994,0.0812382385600358,9,0.0646157385036599,2.5569227039814,46.589051396586,4.07105881348252,314.032472902909,74.9529004096985,11414893.0329433,0.193572628777474,0.147946952027269,44,35.3174693882465,293.384988792241,0.48157965997234,0.713995666010305,365.441240137443,5,8203163.82760718,0.477183424751274,13130,5,2,6,2,78,0.428177394089289,0.271767044090666,5,3,0.455720059922896,0.414220832753927,6,2,2.11731114068879,12810799263956.3,0.547569410505252
"island_119",0.999666866380721,0.212143356213346,0.463796055177227,0.0919113955227658,5,0.0452013231766149,3.12332007102668,26.0645566158928,7.1721299123019,60.2461866801605,235.53128298372,8285012.00602758,0.204621618962847,0.125270455144346,24,254.562310641631,908.78437529318,0.458103558514267,0.0497156986966729,81.4156915294006,10,2638953.2598317,0.228338243206963,19036,3,4,7,2,63,0.386414586217143,0.00725315604358912,2,9,0.106702309334651,0.377998086158186,6,7,1.0189365596999,1006985306421.68,0.043041040263769
"island_120",0.723180542234331,0.209432346280664,0.253104212926701,0.0887408616486937,13,0.0442238815764185,2.23978601489216,13.955400371924,2.85331729799509,68.8607915071771,23.0078701861203,141301.680582958,0.238928877864964,0.235882131499238,16,405.423356918618,821.525247069076,0.757829348091036,0.0375848317053169,13.6615174124017,4,467472.761684226,0.1317896702094,96868,5,6,2,2,89,0.0839857277460396,0.288370304508135,3,8,0.183050675783306,0.13635203789454,4,6,1.22874759452491,3589410898.0276,0.000153063742214587
"island_121",0.171959962695837,0.196065806085244,0.0807409528642893,0.175402070581913,8,0.00381986289042684,3.79055839870125,5.43378250440583,6.62384189106524,69.448382826522,20.5101274419576,194332.705342568,0.10536675050389,0.0577447424875572,46,5.12014236301184,176.08076846227,0.740089753177017,0.114286497002468,444.360066205263,2,18967.5902784401,0.461404891684651,13486,2,2,3,2,37,0.229202065849677,0.0497217995580286,3,10,0.140144328004681,0.432252838625573,8,7,1.03087263922607,14514792.9171154,2.62578778533874e-07
"island_122",0.642310944618657,0.969447759212926,0.946650786092505,0.223318453948013,6,0.789833220261494,1.5645383996889,3.40081540634856,3.47107641026378,471.358636161312,54.4391289353371,473910.243990806,0.2142132736044,0.42316067952197,42,368.370845564641,218.099284917116,0.0234305134508759,0.0666508050635457,456.84127358254,8,1745753.78732202,0.0675228654872626,42188,3,5,8,1,76,0.0181097825989127,0.279280322603881,3,3,0.457706867018715,0.365660604904406,8,7,1.05340019180941,688347720554.834,0.0294215692628336
"island_123",0.742911027744412,0.814267247915268,0.782405589940026,0.291672789305449,5,0.690242403216284,3.33776005636901,32.8599544009194,6.0907785538584,261.897488613613,39.5576909417287,6920813.50315487,0.300934825791046,0.343768048565835,45,125.195567845367,274.686033371836,0.647734529804438,0.30223990813829,342.316347989254,1,10728833.4241869,0.350468869321048,50538,2,5,2,2,67,0.178668856737204,0.278450805111788,7,6,0.117780176340602,0.256842656992376,3,9,1.39036502558882,71259064897506.6,3.04581347887377
"island_124",0.238849420333281,0.610501579474658,0.547764471266419,0.0549422936746851,17,0.0746037315607998,1.16391780041158,7.08996715256944,3.04059939831495,88.0923980148509,175.860806484707,388716.728775485,0.435857057571411,0.306731456890702,4,24.1723727667704,962.186249205843,0.745129361515865,0.727313454495743,470.321273664013,3,9510645.5621907,0.293528904439881,37590,1,3,7,2,48,0.329332355759107,0.411154541070573,5,7,0.414469959097914,0.353391206590459,6,5,3.23212276223473,891438992550.875,0.0381022642347351
"island_125",0.96981878997758,0.997634609462693,0.165595298167318,0.190591601491906,8,0.244288964756532,1.08485792577267,39.6892666467465,4.52193816937506,150.14982863795,82.2759586153552,2405295.02080265,0.125011176569387,0.126930674887262,13,389.058673754334,360.05246383138,0.537890689447522,0.118568465812132,356.976850889623,7,4605120.45898705,0.13148328056559,55235,5,1,6,1,82,0.0198166813934222,0.351198099786416,10,6,0.43370150460396,0.151174056576565,6,1,1.01413311516089,2744151980196.41,0.117292453739998
"island_126",0.258832216495648,0.11408957047388,0.918891560286283,0.131396864145063,6,0.0213926600696628,2.5521573740989,33.6552508873865,2.29298415593803,305.104943807237,243.962770001963,14660005.6517002,0.0591330223251134,0.0517184198834002,2,464.280742220581,37.1529150288552,0.385545655619353,0.32885957066901,214.252557605505,8,22928.7925802328,0.0398645390523598,60386,1,2,1,1,55,0.388016507728025,0.230497739510611,4,9,0.380211012554355,0.292729186709039,2,5,1.00456390119422,7223666400.23241,0.000308402094052818
"island_127",0.431259759701788,0.12124530528672,0.811876739608124,0.265332688624039,9,0.101374151952085,1.35663633234799,3.39650493115187,5.90082195214927,157.85837220028,184.385904762894,791413.661383352,0.436533968546428,0.0735619233455509,17,235.019279411063,342.396358726546,0.427496791584417,0.879755070898682,312.919133575633,3,15509602.9819946,0.463957337313332,73703,1,6,7,1,15,0.227652265573852,0.18373208376579,7,3,0.342506275163032,0.0945663964375854,4,1,1.01180476659266,1259007098512.7,0.0538131639592509
"island_128",0.542967791901901,0.068945846054703,0.128006289480254,0.0357909628422931,12,0.00205810776260889,0.762831048108637,1.13422183785588,6.56145144999027,96.2591951247305,113.946010870859,62268.3900353104,0.0370972960954532,0.214629482361488,8,441.076026530936,217.968088807538,0.354185958392918,0.254358113277704,352.748333709314,5,973060.629646443,0.312295726267621,65066,1,5,1,2,17,0.339183128089644,0.49470800627023,4,7,0.0979983696015552,0.439425511169247,8,6,1.16164450876435,144860137.398434,5.83390720308486e-06
"island_129",0.470261454116553,0.628122752765194,0.0527919933665544,0.112395586911589,16,0.0280427894131072,1.81695675943047,5.67316771484911,2.74489666521549,475.488384603523,180.357473529875,2426443.98272916,0.00447086128406227,0.0586946544935927,33,213.657495682128,822.16623891145,0.303103040670976,0.677022699266672,429.509617737494,7,938525.149448698,0.239337879349478,56191,1,1,2,1,3,0.458182497881353,0.138838128070347,5,6,0.211965774185956,0.184303883463144,1,5,1.0001363386421,63869953817.381,0.0027296245204332
"island_130",0.469208253547549,0.542714484734461,0.765389581210911,0.128850316652097,5,0.125566877984619,0.307371517643332,24.606910708826,6.58315663784742,445.204026880674,279.30619425606,6191481.14428765,0.130295732873492,0.00755285937339067,50,134.362396667711,793.048227904364,0.91784687503241,0.574264972703531,40.5098688788712,7,783664.863823683,0.232368988799863,84945,5,2,7,1,67,0.173898211331107,0.116641492815688,3,10,0.389041815651581,0.164261477533728,6,6,1.62447525059579,989721775197.925,0.0423031481465035
"island_131",0.733521690359339,0.787805536063388,0.366409097798169,0.0153967386810109,19,0.0619413372605418,2.63829585164785,40.1071306550875,6.64571834914386,158.922006725334,286.642934312113,32034083.2768975,0.434343625209294,0.366699110949412,43,327.414863975719,727.455264423043,0.0602603151928633,0.286251665558666,71.8149892054498,5,10103712.3218883,0.141963726608083,74800,3,1,8,2,78,0.339173351647332,0.159987587598152,10,6,0.0145593615015969,0.248176935943775,2,4,1.01802141809048,20409424787552.8,0.872356141750567
"island_132",0.984663314884529,0.0579070069361478,0.735511157428846,0.0663652509218082,9,0.0250490575926706,2.64860157854855,34.3886607792228,6.25801817514002,165.992740425281,165.485918917693,15657371.5518815,0.408211345900781,0.0724999267840758,8,30.8874442707747,311.793902423233,0.311095726909116,0.388733030296862,396.264492184855,8,874143.744587429,0.431768188485876,47912,4,1,8,2,17,0.2929943499621,0.0217604555655271,10,10,0.0101862321607769,0.0624530019704252,3,6,1.00078320204642,343109790093.526,0.0146651243520764
"island_133",0.811089212307706,0.372727689100429,0.240497685037553,0.279756723507307,14,0.284760502630488,0.520275079645216,9.05575107317418,3.34650953486562,107.295985915698,41.3525987416506,69957.7525851408,0.223054429865442,0.464039139449596,34,25.7627973333001,869.001199724153,0.0860584645997733,0.875941421138123,486.823417712003,5,14456657.6954558,0.295462686917745,31194,2,3,3,1,66,0.441591826151125,0.0168205301743001,6,7,0.0953337500104681,0.112020051456057,9,10,1.01581165295676,292547700306.919,0.0125039577284906
"island_134",0.446191551629454,0.952808971749619,0.438349909614772,0.287547836196609,12,0.643042166478847,2.76654980052263,6.72390687977895,5.26543852500618,203.555074287578,52.1201516501606,1039159.78876594,0.425209522130899,0.349192819674499,22,106.276188162155,118.625260191038,0.893930095015094,0.0449737890157849,92.1453819610178,9,1373040.14393353,0.0427593007916585,74886,4,1,8,1,3,0.430352814029902,0.132382863317616,2,4,0.374759230413474,0.368557568988763,7,3,1.00194958332874,919286513958.833,0.0392925460065224
"island_135",0.712107668397948,0.607477663550526,0.945009855087847,0.234565497539006,16,1.53425104724566,0.675556438975036,33.1984026124701,5.24166379496455,419.901016750373,163.105326402001,8051245.26345876,0.19819872896187,0.0957251213258132,13,418.955825502053,877.528695156798,0.955989919602871,0.0718858384061605,456.659898045473,6,17074204.7124492,0.486958774970844,57051,1,2,2,2,39,0.137340747984126,0.313151919981465,2,4,0.358439185656607,0.440709860762581,5,6,1.06809537150845,225273445895010,9.62882342108153
"island_136",0.0712654914241284,0.698210797971115,0.31188808567822,0.182266919198446,7,0.0198002431219953,1.14298669062555,1.11321578733623,0.162188252434134,58.9960380457342,129.570973548107,1577.50408797929,0.483429118525237,0.423601533635519,40,322.537387371995,502.818163251504,0.578589448938146,0.511496257735416,431.186391157098,1,169519380.937794,0.459571755258366,48546,5,4,7,2,15,0.234543254016899,0.186021978151985,3,6,0.28667525947094,0.260241528740153,10,4,2.05819935418221,10898025293.9749,0.000465454578191547
"island_137",0.599198628915474,0.0994849735870957,0.767151796491817,0.297882918664254,7,0.0953571465294331,0.824029470793903,30.342456465587,0.535385612398386,237.212921259925,98.6786788562313,313344.333955576,0.136964976321906,0.0525207803584635,19,159.966369625181,848.084406228736,0.188678478589281,0.748667899519205,171.915861428715,10,4502871.88207019,0.409662241232581,40835,3,5,2,1,49,0.495115038007498,0.332037649350241,8,1,0.435781336622313,0.409316064440645,7,9,2.75127171506006,370167398222.824,0.0158216429977632
"island_138",0.73337737750262,0.177311666309834,0.375706510385498,0.0262504454702139,2,0.00256495774233249,0.801616868004203,28.0974596971646,7.14264060743153,286.709545296617,26.5295213554054,1223669.87704321,0.259801344829611,0.1526909773238,28,316.723868600093,172.449455596507,0.402247849153355,0.286080348538235,286.975316586904,7,14024253.7986846,0.312638930277899,56282,5,4,2,1,77,0.373813866754062,0.0654881777008995,7,4,0.238979840883985,0.380445693735965,7,9,2.02531879766196,89149238919.7273,0.00381013261378682
"island_139",0.925831690663472,0.458874398376793,0.774826677981764,0.0103996012592688,13,0.0445031217241821,0.913790648803115,6.84493029257283,0.990529065951705,261.649025487714,258.86056011077,419631.393471974,0.48339807591401,0.10760921437759,24,341.515029664151,787.789896596223,0.108422982972115,0.211403134744614,397.136439802125,2,6114885.87605594,0.231133598601446,86144,1,3,8,1,56,0.466194616630673,0.477354763657786,1,1,0.273981445468962,0.0163063005311415,8,4,1.00409391774166,114662429576.077,0.00490063849161727
